Skill,Source
accounting,JD
advanced,JD
analysis,JD
analyst,JD
aws,JD
bi,JD
budgeting,JD
compliance,JD
dashboard,JD
data,JD
datasets,JD
deployment,JD
development,JD
employee,JD
endobj,Resume
endstream,Resume
engineer,JD
eof,Resume
excel,JD
experience,JD
expertise,JD
f,Resume
finance,JD
forecasting,JD
fuh,Resume
gcp,JD
grievance,JD
hr,JD
knowledge,JD
learn,JD
learning,JD
machine,JD
management,JD
manager,JD
ml,JD
modeling,JD
null,Resume
obj,Resume
opening,JD
payroll,JD
power,JD
principles,JD
processes,JD
proficient,JD
pyfpdf,Resume
python,JD
r,Resume
relations,JD
scikit,JD
skills,JD
sql,JD
storytelling,JD
stream,Resume
systems,JD
talent,JD
tensorflow,JD
trailer,Resume
variance,JD
world,JD
xref,Resume
zsp,Resume
